data,venda,estoque,preco,feature_ratio
2014-01-01,0,4972,1.29,0.0
2014-01-02,70,4902,1.29,0.01427988573178318
2014-01-03,59,4843,1.29,0.012182531463591717
2014-01-04,93,4750,1.29,0.019578947327202216
2014-01-05,96,4654,1.29,0.020627417231140057
2014-01-06,145,4509,1.29,0.03215790633808404
2014-01-07,179,4329,1.29,0.04134904125352497
2014-01-08,321,4104,1.29,0.07821637407842015
2014-01-09,125,4459,1.09,0.028033191235628637
2014-01-10,88,5043,1.09,0.017449930562264664
2014-01-11,188,5239,1.09,0.03588471075418074
2014-01-12,121,5118,1.09,0.02364204762867908
2014-01-13,134,4984,1.09,0.026886035259056914
2014-01-14,80,4904,1.09,0.016313213669834393
2014-01-15,82,4822,1.09,0.017005391918279985
2014-01-16,94,4728,1.19,0.01988155664153647
2014-01-18,159,4464,1.19,0.03561827949010242
2014-01-19,199,4265,1.19,0.04665885100431688
2014-01-20,104,4161,1.19,0.024993991768820018
2014-01-21,70,4091,1.19,0.01711073083082197
2014-01-22,127,3964,1.09,0.03203834502513031
2014-01-23,96,3868,1.09,0.024819027857241396
2014-01-24,75,3793,1.09,0.019773266491502066
2014-01-25,198,3595,1.09,0.0550764949789249
2014-01-26,168,3427,1.09,0.04902246848840832
2014-01-27,125,3302,1.09,0.037855844827813914
2014-01-28,86,3216,1.09,0.02674129344918752
2014-01-29,222,2994,0.99,0.07414829634553007
2014-01-30,272,2723,0.99,0.09988982702941672
2014-01-31,209,2514,0.99,0.08313444676557499
2014-02-01,369,2145,0.99,0.1720279712259768
2014-02-02,217,1928,0.99,0.11255186663614178
2014-02-03,97,1831,0.99,0.05297651527593383
2014-02-04,117,1714,0.99,0.06826137649789162
2014-02-05,100,1998,1.29,0.0500500497995493
2014-02-06,64,2126,1.29,0.03010348057336086
2014-02-07,35,2091,1.29,0.016738402598094677
2014-02-08,54,2037,1.29,0.02650957277118521
2014-02-09,55,1982,1.29,0.027749747589557276
2014-02-12,8,7228,1.29,0.001106806860671269
2014-02-13,43,7185,1.09,0.005984690318740863
2014-02-14,107,7078,1.09,0.015117264742699543
2014-02-15,116,6962,1.09,0.016661878746535654
2014-02-16,87,6875,1.09,0.012654545436138843
2014-02-17,66,6809,1.09,0.009693053297557567
2014-02-18,44,6765,1.09,0.00650406503103612
2014-02-19,33,6731,1.09,0.004902689043377375
2014-02-20,13,6718,1.09,0.0019350997291826442
2014-02-21,53,6665,1.09,0.007951987985068286
2014-02-22,72,6593,1.09,0.010920673424964852
2014-02-23,50,6543,1.09,0.007641754535164674
2014-02-24,15,6528,1.09,0.0022977941141271536
2014-02-25,12,6516,1.09,0.0018416206233247076
2014-02-26,71,6445,1.09,0.011016291681898695
2014-02-27,37,6412,1.09,0.005770430433920102
2014-02-28,83,6329,1.09,0.013114236035528148
2014-03-01,94,6237,1.09,0.015071348380517319
2014-03-02,59,6178,1.09,0.00955001617101001
2014-03-03,49,6129,1.09,0.007994778906844871
2014-03-05,65,6012,1.09,0.010811709895522771
2014-03-06,55,5957,1.09,0.009232835304292706
2014-03-07,77,5880,1.09,0.013095238072967282
2014-03-08,122,5755,1.09,0.02119895739148748
2014-03-09,83,5672,1.09,0.014633286292959652
2014-03-10,75,5597,1.09,0.013400035709487163
2014-03-11,48,5549,1.09,0.0086502072289598
2014-03-12,45,5504,1.29,0.008175872078168837
2014-03-13,78,4659,1.29,0.016741790047774652
2014-03-14,122,4537,1.29,0.026890015369429105
2014-03-16,116,4274,1.29,0.027140851597705073
2014-03-17,48,4228,1.29,0.011352885498219287
2014-03-18,29,4199,1.29,0.0069064062707635005
2014-03-19,91,4107,1.29,0.022157292373612632
2014-03-20,59,4048,1.29,0.014575098778223569
2014-03-21,68,3980,1.29,0.017085427092750183
2014-03-22,137,3843,1.28,0.035649232277779774
2014-03-23,56,3787,1.29,0.014787430644870793
2014-03-24,13,3774,1.29,0.003444621082552673
2014-03-25,45,3729,1.29,0.012067578406898422
2014-03-26,25,3704,1.29,0.00674946002497446
2014-03-27,25,3679,1.29,0.006795324798055654
2014-03-28,174,3505,1.19,0.049643366477479696
2014-03-29,138,3367,1.09,0.04098604086431232
2014-03-30,64,3303,1.09,0.019376324494773466
2014-03-31,77,3226,1.09,0.02386856781193872
2014-04-01,62,3164,1.09,0.0195954487370561
2014-04-02,119,3045,1.09,0.039080459641771884
2014-04-03,89,2956,1.09,0.030108254295980193
2014-04-04,133,2823,1.09,0.04711300018734325
2014-04-05,180,2643,1.09,0.0681044265300627
2014-04-06,121,2522,1.09,0.04797779521023871
2014-04-07,72,2450,1.09,0.029387754982090793
2014-04-08,91,2359,1.09,0.03857566749226084
2014-04-09,53,2306,1.09,0.02298352114924752
2014-04-10,47,2259,1.09,0.020805666131891692
2014-04-11,42,2217,1.09,0.01894451953565846
2014-04-12,124,2092,1.09,0.059273422278807726
2014-04-13,97,1995,1.09,0.04862155364099472
2014-04-14,119,1875,1.09,0.06346666632817778
2014-04-15,34,1841,1.29,0.018468223691101446
2014-04-16,18,1823,1.29,0.009873834284839088
2014-04-17,24,1799,1.29,0.013340744784098139
2014-04-18,57,1742,1.29,0.032721010145114755
2014-04-19,61,1681,1.29,0.03628792363897725
2014-04-20,30,1651,1.29,0.018170805462320985
2014-04-21,96,1554,1.29,0.06177606137853243
2014-04-22,0,1525,1.29,0.0
2014-04-23,37,1488,1.29,0.024865591230741994
2014-04-24,30,1458,1.29,0.02057613154611707
2014-04-25,38,1420,1.29,0.02676056319182702
2014-04-26,88,1332,1.29,0.06606606557007458
2014-04-27,64,1268,1.29,0.0504731857218203
2014-04-28,13,1255,1.29,0.010358565654513421
2014-04-29,20,1255,1.29,0.015936254853097572
2014-04-30,31,1457,1.29,0.021276595598650683
2014-05-01,129,1263,1.29,0.10213776641221088
2014-05-02,94,1169,1.29,0.08041060666885709
2014-05-03,129,1904,1.29,0.06775210048449527
2014-05-04,126,1778,1.29,0.07086614133371125
2014-05-05,70,1708,1.29,0.040983606317426195
2014-05-06,48,1708,1.29,0.02810304433194939
2014-05-07,123,2044,1.29,0.060176124950214654
2014-05-08,87,1930,1.29,0.04507771997369057
2014-05-09,65,1961,1.29,0.03314635373204307
2014-05-10,102,1859,1.29,0.05486820841921351
2014-05-11,78,1781,1.29,0.04379562019205154
2014-05-12,49,1828,1.29,0.026805251494500814
2014-05-13,0,1800,1.29,0.0
2014-05-14,68,1687,1.09,0.04030823923942953
2014-05-15,102,1969,1.09,0.0518029453946016
2014-05-16,88,1977,1.09,0.04451188647186704
2014-05-17,170,1807,1.09,0.09407858276658228
2014-05-18,152,1655,1.09,0.09184289974717282
2014-05-19,90,1661,1.09,0.05418422604344235
2014-05-20,101,1751,1.09,0.057681324627748005
2014-05-21,71,1680,1.43,0.04226190451034581
2014-05-22,48,2016,1.49,0.023809523691421013
2014-05-23,40,1976,1.49,0.020242914877313185
2014-05-24,93,1883,1.49,0.04938927217530923
2014-05-25,45,1838,1.49,0.024483133707926368
2014-05-26,58,1876,1.49,0.03091684418487823
2014-05-27,53,1919,1.49,0.027618551184895514
2014-05-28,42,3317,1.49,0.012662043977503635
2014-05-29,52,3841,1.49,0.013538141073839778
2014-05-30,29,3811,1.99,0.007609551278904352
2014-05-31,91,3720,1.99,0.0244623655256388
2014-06-01,75,3645,1.99,0.020576131630792506
2014-06-02,75,3570,1.99,0.02100840330249747
2014-06-03,179,3391,1.19,0.05278678840228018
2014-06-04,252,3140,1.19,0.08025477681447522
2014-06-05,202,2938,1.19,0.06875425436094536
2014-06-06,161,2777,1.19,0.0579762331365638
2014-06-07,331,2446,1.19,0.1353229757345749
2014-06-08,271,2175,1.19,0.12459770057656229
2014-06-09,146,1949,1.19,0.07491020997993736
2014-06-10,2,1946,1.19,0.0010277492239067357
2014-06-11,2,2136,1.19,0.0009363295836314157
2014-06-12,0,2136,0.0,0.0
2014-06-13,0,2328,1.49,0.0
2014-06-14,0,2328,1.49,0.0
2014-06-15,13,2315,1.49,0.0056155507316822855
2014-06-16,30,2285,1.49,0.013129102787181168
2014-06-17,34,2251,1.49,0.015104397978212357
2014-06-18,8,2243,1.49,0.00356665178971622
2014-06-19,67,2176,1.29,0.030790441034970396
2014-06-20,41,2135,1.29,0.019203746982652238
2014-06-21,89,2046,1.29,0.043499511028839144
2014-06-22,49,1997,1.29,0.02453680508494339
2014-06-23,62,2031,1.29,0.03052683392158132
2014-06-24,81,2046,1.29,0.03958944262175248
2014-06-25,42,2004,1.29,0.020958083727754075
2014-06-26,63,2037,1.29,0.030927834899716077
2014-06-27,107,1930,1.18,0.05544041422051599
2014-06-28,83,1847,1.19,0.044937736627299746
2014-06-29,102,1745,1.19,0.058452721728064636
2014-06-30,62,1779,1.29,0.03485103971415942
2014-07-01,29,1750,1.29,0.016571428476734696
2014-07-02,63,1687,1.29,0.03734439811888324
2014-07-03,97,1590,1.29,0.06100628892448875
2014-07-04,136,1454,1.29,0.09353507501007514
2014-07-05,335,1119,1.29,0.2993744387902195
2014-07-06,299,820,1.29,0.3646341418947056
2014-07-07,5,814,1.29,0.00614250606704538
2014-07-08,2,812,1.29,0.002463054156858939
2014-07-09,9,803,1.29,0.011207969972503487
2014-07-10,9,794,1.29,0.011335012451700096
2014-07-11,0,794,1.29,0.0
2014-07-12,0,794,1.29,0.0
2014-07-13,0,794,1.29,0.0
2014-07-14,0,794,1.29,0.0
2014-07-15,0,794,0.0,0.0
2014-07-16,0,794,0.0,0.0
2014-07-17,0,794,0.0,0.0
2014-07-18,0,794,0.0,0.0
2014-07-19,0,794,1.49,0.0
2014-07-20,0,794,1.49,0.0
2014-07-21,0,794,1.49,0.0
2014-07-22,2,792,1.49,0.0025252524933680244
2014-07-23,0,792,1.49,0.0
2014-07-24,0,888,1.49,0.0
2014-07-25,15,873,1.49,0.017182130387375368
2014-07-26,9,864,1.49,0.010416666546103397
2014-07-27,13,851,1.49,0.015276145531420147
2014-07-28,15,1220,1.22,0.012295081866433756
2014-07-29,26,1207,2.98,0.021541010592038022
2014-07-30,16,1191,1.55,0.013434088888042916
2014-07-31,51,1140,1.55,0.04473684171283472
2014-08-01,47,1093,1.55,0.043000914519662266
2014-08-02,56,1037,1.55,0.054001928119557105
2014-08-03,45,992,1.55,0.04536290276851913
2014-08-04,40,952,1.55,0.04201680628133607
2014-08-05,17,935,1.55,0.018181817987360235
2014-08-06,103,832,1.29,0.1237980754351193
2014-08-07,72,760,1.29,0.09473684085872579
2014-08-08,56,704,1.29,0.07954545341554754
2014-08-09,0,704,1.29,0.0
2014-08-10,1,703,1.29,0.001422475086451279
2014-08-11,0,703,1.29,0.0
2014-08-12,0,703,1.29,0.0
2014-08-13,0,703,1.29,0.0
2014-08-14,0,703,1.29,0.0
2014-08-15,0,703,1.55,0.0
2014-08-16,0,703,1.55,0.0
2014-08-17,0,703,1.55,0.0
2014-08-18,0,2143,1.55,0.0
2014-08-19,0,2143,1.55,0.0
2014-08-20,68,2075,1.55,0.03277108417941646
2014-08-21,169,1908,1.19,0.08857442301585733
2014-08-22,213,1695,1.19,0.12566371607278043
2014-08-23,338,1356,1.19,0.24926253503493706
2014-08-24,129,1227,1.19,0.1051344734707867
2014-08-26,13,1271,1.19,0.01022816671732363
2014-08-27,85,1186,1.19,0.07166947663010559
2014-08-28,0,1186,0.0,0.0
2014-08-29,0,1186,1.29,0.0
2014-08-30,0,1186,1.29,0.0
2014-08-31,0,1186,1.29,0.0
2014-09-01,0,1474,1.29,0.0
2014-09-02,0,1474,1.29,0.0
2014-09-03,0,1474,1.29,0.0
2014-09-04,0,1474,1.29,0.0
2014-09-05,0,2146,1.29,0.0
2014-09-06,0,2146,1.29,0.0
2014-09-07,0,2146,1.29,0.0
2014-09-08,64,2082,1.29,0.030739673243325293
2014-09-09,154,1928,1.29,0.07987551825790706
2014-09-10,143,1785,1.29,0.0801120443691202
2014-09-11,96,1689,1.29,0.056838365560459646
2014-09-12,140,1549,1.29,0.09038089031387418
2014-09-13,67,1484,1.29,0.04514824767420318
2014-09-14,3,1481,1.29,0.002025658325282523
2014-09-15,71,1410,1.29,0.050354609571953125
2014-09-16,58,1352,1.29,0.04289940796672036
2014-09-17,62,1962,1.29,0.03160040758613452
2014-09-18,62,1996,1.29,0.03106212409287513
2014-09-19,62,2126,1.29,0.029162746805443333
2014-09-20,168,2532,1.29,0.0663507106384253
2014-09-21,99,2433,1.29,0.040690505381461135
2014-09-22,39,2394,1.29,0.016290726748994455
2014-09-23,64,2285,1.29,0.02800875261265316
2014-09-24,117,2168,1.29,0.05396678941897237
2014-09-25,104,2064,1.29,0.05038759665509885
2014-09-26,108,1956,1.29,0.055214723644096506
2014-09-27,234,1014,1.29,0.23076922849340012
2014-09-28,97,917,1.29,0.10577971531319831
2014-09-29,85,832,1.29,0.10216346031053533
2014-09-30,88,1896,1.29,0.04641350186490769
2014-10-01,190,1801,1.29,0.10549694555526405
2014-10-02,163,1637,1.29,0.0995723879073159
2014-10-03,90,1835,1.29,0.04904632125860316
2014-10-04,105,1730,1.29,0.06069364126766681
2014-10-05,47,1683,1.29,0.027926321878037303
2014-10-06,66,2097,1.29,0.03147353346936798
2014-10-07,84,2109,1.29,0.03982930279834375
2014-10-08,80,2028,1.29,0.039447731560908625
2014-10-09,97,1934,1.29,0.05015511866517519
2014-10-10,64,2254,1.29,0.028393966156193582
2014-10-11,128,2126,1.29,0.06020696114672172
2014-10-12,85,2041,1.29,0.04164625163328637
2014-10-13,50,2087,1.29,0.02395783409699169
2014-10-14,91,1996,1.29,0.04559118213631672
2014-10-15,93,1903,1.29,0.04887020468276298
2014-10-16,50,1852,1.29,0.026997840027009504
2014-10-17,85,2246,1.29,0.037845057712176944
2014-10-18,129,2117,1.29,0.06093528549392874
2014-10-19,119,1998,1.29,0.05955955926146367
2014-10-20,45,2049,1.29,0.021961932542889542
2014-10-21,78,2067,1.29,0.0377358488740404
2014-10-22,90,1977,1.29,0.04552352025531856
2014-10-23,78,1899,1.29,0.0410742493887612
2014-10-24,62,1837,1.29,0.03375068027354012
2014-10-25,97,1740,1.29,0.055747126116395825
2014-10-26,111,1629,1.29,0.06813996274929428
2014-10-27,55,1574,1.29,0.03494282061662757
2014-10-28,60,1510,1.29,0.039735099074601994
2014-10-29,61,1449,1.29,0.04209799832920636
2014-10-30,81,1368,1.49,0.059210525882963994
2014-10-31,131,1237,1.49,0.10590137343652892
2014-11-01,160,1077,1.49,0.14856081570509921
2014-11-02,131,946,1.49,0.13847779980467442
2014-11-03,43,903,1.49,0.047619047091704905
2014-11-04,34,869,1.49,0.03912543108025971
2014-11-05,33,836,1.49,0.03947368373835307
2014-11-06,37,799,1.49,0.04630788427649707
2014-11-07,82,717,1.49,0.11436540984148662
2014-11-08,542,175,1.49,3.0971426801632753
2014-11-09,239,0,1.49,23899999.999999996
2014-11-10,51,0,1.49,5100000.0
2014-11-11,51,80,1.49,0.6374999203125099
2014-11-12,41,34,1.49,1.2058819982700004
2014-11-13,1,33,1.49,0.030303021120296626
2014-11-14,0,33,1.49,0.0
2014-11-15,1,32,1.49,0.03124999023437805
2014-11-16,0,32,1.49,0.0
2014-11-17,0,32,1.49,0.0
2014-11-18,7,25,1.49,0.2799998880000448
2014-11-19,1,24,1.49,0.04166664930556279
2014-11-20,4,20,1.29,0.19999990000005
2014-11-21,1,19,1.29,0.05263155124655198
2014-11-22,1,18,1.29,0.055555524691375174
2014-11-23,2,16,1.29,0.12499992187504883
2014-11-24,0,16,1.29,0.0
2014-11-25,0,16,1.29,0.0
2014-11-26,0,16,1.29,0.0
2014-11-27,0,16,1.29,0.0
2014-11-28,0,16,1.29,0.0
2014-11-29,0,16,1.29,0.0
2014-11-30,0,16,1.29,0.0
2014-12-01,0,16,1.29,0.0
2014-12-02,0,16,1.29,0.0
2014-12-03,0,16,1.29,0.0
2014-12-04,0,16,1.29,0.0
2014-12-05,0,16,1.49,0.0
2014-12-06,0,16,1.49,0.0
2014-12-07,0,16,1.49,0.0
2014-12-08,0,16,1.49,0.0
2014-12-09,0,16,1.49,0.0
2014-12-10,0,16,1.49,0.0
2014-12-11,0,16,1.49,0.0
2014-12-12,0,16,1.49,0.0
2014-12-13,0,16,1.49,0.0
2014-12-14,0,16,1.49,0.0
2014-12-15,0,688,1.49,0.0
2014-12-16,49,735,1.49,0.0666666657596372
2014-12-17,157,578,1.29,0.27162629287843787
2014-12-18,193,385,1.29,0.5012986882779562
2014-12-19,94,291,1.29,0.3230240438823353
2014-12-20,135,156,1.29,0.8653845599112462
2014-12-21,118,38,1.29,3.1052623407204365
2014-12-22,18,116,1.29,0.15517240041617236
2014-12-23,0,116,1.29,0.0
2014-12-24,14,102,1.29,0.1372548885044227
2014-12-25,0,102,1.29,0.0
2014-12-26,20,82,1.29,0.243902409280194
2014-12-27,42,328,1.29,0.12804877658387878
2014-12-28,45,283,1.29,0.15901059508796486
2014-12-29,55,612,1.29,0.08986927957729936
2014-12-30,59,553,1.29,0.10669077564754476
2014-12-31,11,542,1.29,0.020295202577579288
2015-01-01,0,542,1.29,0.0
2015-01-02,77,561,1.29,0.1372548995141729
2015-01-03,60,2229,1.29,0.026917900283006276
2015-01-04,1,2228,1.29,0.00044883303209679965
2015-01-05,69,2351,1.29,0.02934921297597102
2015-01-06,98,2253,1.29,0.04349755861740986
2015-01-07,119,2134,1.29,0.055763823543749653
2015-01-08,93,2137,1.29,0.04351895159794594
2015-01-09,92,2045,1.29,0.04498777484113558
2015-01-10,112,1933,1.29,0.05794102401479036
2015-01-11,96,1837,1.29,0.052259117842900826
2015-01-12,93,1744,1.29,0.05332568776762794
2015-01-13,65,1679,1.29,0.03871351972177773
2015-01-14,100,1581,1.29,0.06325110649430041
2015-01-15,51,1530,1.49,0.03333333311546841
2015-01-16,55,1475,1.49,0.03728813534041942
2015-01-17,71,1403,1.49,0.05060584425797688
2015-01-18,57,1346,1.49,0.042347696565024545
2015-01-19,34,1312,1.49,0.02591463394882139
2015-01-20,47,1265,1.49,0.03715414990391976
2015-01-21,88,1177,1.29,0.07476635450495876
2015-01-22,51,1126,1.29,0.04529307242190877
2015-01-23,49,1076,1.29,0.04553903303402386
2015-01-24,110,966,1.29,0.11387163443197067
2015-01-25,30,936,1.29,0.03205128170885383
2015-01-26,59,877,1.29,0.06727479968899887
2015-01-27,97,780,1.29,0.12435897276462855
2015-01-28,155,625,1.29,0.24799999603200007
2015-01-29,125,500,1.29,0.2499999950000001
2015-01-30,100,496,1.29,0.20161289916103026
2015-01-31,211,285,1.29,0.7403508512157597
2015-02-01,88,197,1.29,0.44670048493906167
2015-02-02,114,467,1.29,0.24411134380917895
2015-02-03,89,570,1.29,0.15614034813788863
2015-02-04,118,548,1.29,0.21532846322393318
2015-02-05,84,1136,1.29,0.07394366132091848
2015-02-06,125,1299,1.29,0.09622786684967
2015-02-07,184,1211,1.04,0.15194054374945876
2015-02-08,107,1104,1.29,0.0969202889771713
2015-02-09,70,1033,1.29,0.06776379411651699
2015-02-10,66,1063,1.29,0.06208842839051337
2015-02-11,89,974,1.29,0.0913757690823843
2015-02-12,50,1116,2.84,0.044802866982053165
2015-02-13,20,1096,2.89,0.018248175015983806
2015-02-14,77,1019,2.89,0.0755642779630591
2015-02-15,33,986,2.89,0.03346855949829047
2015-02-16,47,1035,2.89,0.04541062758057365
2015-02-17,35,1000,2.89,0.03499999965
2015-02-18,60,1228,2.89,0.048859934455538
2015-02-19,31,1197,2.89,0.025898078313299263
2015-02-20,35,1162,2.89,0.030120481668498438
2015-02-21,80,1082,2.87,0.07393715273625552
2015-02-22,42,1039,2.89,0.040423483730284086
2015-02-23,23,1016,2.89,0.022637795052777607
2015-02-24,19,997,2.89,0.019057171323398483
2015-02-25,18,1075,2.89,0.01674418589075176
2015-02-26,37,1134,2.89,0.032627865673475615
2015-02-27,50,1084,2.89,0.04612546082910091
2015-02-28,127,957,2.89,0.13270637269899296
2015-03-01,123,834,2.89,0.14748201262011976
2015-03-02,44,789,2.89,0.05576679270257551
2015-03-03,22,767,2.89,0.028683180851588257
2015-03-04,31,736,2.89,0.04211956464511461
2015-03-05,22,714,2.89,0.03081232449842683
2015-03-06,40,674,2.89,0.05934718012838012
2015-03-07,62,612,2.89,0.10130718788713745
2015-03-08,59,553,2.89,0.10669077564754476
2015-03-09,28,525,2.89,0.05333333231746034
2015-03-10,68,458,1.49,0.14847161247878576
2015-03-11,73,385,1.49,0.18961038468544456
2015-03-12,87,298,1.49,0.2919462989279766
2015-03-13,175,1878,1.29,0.093184238055462
2015-03-14,300,1575,1.29,0.19047618926681784
2015-03-15,196,1379,1.29,0.14213197866474273
2015-03-16,123,1256,1.29,0.09792993552603554
2015-03-17,168,1088,1.29,0.1544117632866566
2015-03-18,209,1263,1.29,0.16547901690040367
2015-03-19,188,1075,1.29,0.17488371930340726
2015-03-20,219,856,1.29,0.255841118506529
2015-03-21,381,475,1.29,0.8021052462714685
2015-03-22,158,317,1.29,0.49842269721064053
2015-03-23,12,304,1.49,0.03947368291204991
2015-03-24,8,296,1.29,0.027027026113951823
2015-03-25,10,286,1.29,0.03496503374248134
2015-03-26,88,774,1.29,0.11369508897034769
2015-03-27,196,770,1.29,0.2545454512396695
2015-03-28,206,660,1.29,0.3121212073921029
2015-03-29,83,577,1.29,0.1438474845087091
2015-03-30,0,673,1.49,0.0
2015-03-31,0,673,1.49,0.0
2015-04-01,27,646,1.49,0.04179566498768321
2015-04-02,27,1002,1.49,0.02694610751550791
2015-04-03,54,1044,1.49,0.05172413743559255
2015-04-04,136,908,1.49,0.14977973403326283
2015-04-05,55,853,1.49,0.06447831108466225
2015-04-06,22,831,1.49,0.026474127238578494
2015-04-07,30,801,1.49,0.03745318305301894
2015-04-08,30,771,1.49,0.03891050533190006
2015-04-09,30,930,1.49,0.03225806416926813
2015-04-10,44,1078,1.49,0.040816326151982135
2015-04-11,39,1423,1.49,0.02740688666614978
2015-04-12,57,1366,1.49,0.041727671729665655
2015-04-13,30,1336,1.49,0.022455089652282264
2015-04-14,47,1385,1.49,0.03393501780552334
2015-04-15,74,1311,1.49,0.05644546104923371
2015-04-16,114,1196,1.39,0.09531772495553742
2015-04-17,40,1156,1.39,0.03460207582524156
2015-04-18,62,1094,1.39,0.056672759993850456
2015-04-19,62,1032,1.39,0.06007751879769846
2015-04-20,135,897,1.39,0.15050167056296912
2015-04-21,175,722,1.39,0.24238226811104893
2015-04-22,82,736,1.39,0.11141304196449672
2015-04-23,62,674,1.4,0.09198812919898919
2015-04-24,88,586,1.4,0.15017064590152482
2015-04-25,152,434,1.4,0.3502304066767188
2015-04-26,64,370,1.4,0.17297296829802788
2015-04-27,67,591,1.4,0.1133671723626536
2015-04-28,73,806,1.39,0.09057071847927149
2015-04-29,130,676,1.39,0.192307689462904
2015-04-30,115,657,1.39,0.17503804908617887
2015-05-01,260,397,1.39,0.6549118222944126
2015-05-02,228,169,1.39,1.34911234620637
2015-05-03,120,49,1.39,2.448979092045083
2015-05-04,31,18,1.39,1.7222212654326303
2015-05-05,0,18,1.39,0.0
2015-05-06,3,15,1.39,0.19999986666675557
2015-05-07,0,15,1.39,0.0
2015-05-08,0,15,1.39,0.0
2015-05-09,0,15,0.0,0.0
2015-05-10,0,15,1.49,0.0
2015-05-11,1,14,1.49,0.0714285204081997
2015-05-12,0,14,1.49,0.0
2015-05-13,1,13,1.49,0.07692301775152481
2015-05-14,1,12,1.49,0.08333326388894677
2015-05-15,1,10,1.49,0.0999999000001
2015-05-16,0,10,1.49,0.0
2015-05-17,0,10,1.49,0.0
2015-05-18,0,10,1.49,0.0
2015-05-19,1,9,1.49,0.11111098765445816
2015-05-20,0,9,1.49,0.0
2015-05-21,0,9,1.49,0.0
2015-05-22,0,9,1.49,0.0
2015-05-23,0,9,1.49,0.0
2015-05-24,0,9,1.49,0.0
2015-05-25,0,9,1.39,0.0
2015-05-26,0,9,1.39,0.0
2015-05-27,0,9,1.39,0.0
2015-05-28,0,9,1.39,0.0
2015-05-29,0,9,1.39,0.0
2015-05-30,0,9,1.39,0.0
2015-05-31,0,9,1.39,0.0
2015-06-01,0,105,1.39,0.0
2015-06-02,0,105,1.39,0.0
2015-06-03,0,105,1.39,0.0
2015-06-04,0,105,1.39,0.0
2015-06-05,168,1377,1.39,0.12200435641245928
2015-06-06,201,1176,1.2,0.1709183658935513
2015-06-07,147,1029,1.19,0.14285714146883244
2015-06-08,119,910,1.19,0.13076922933220628
2015-06-09,122,788,1.19,0.15482233306063028
2015-06-10,149,639,1.19,0.23317683516155188
2015-06-11,111,720,1.19,0.154166664525463
2015-06-12,95,721,1.19,0.13176144061357226
2015-06-13,237,675,1.19,0.3511111059094651
2015-06-14,110,565,1.19,0.19469026204088033
2015-06-15,104,653,1.19,0.15926492864831657
2015-06-16,61,592,1.19,0.10304053879999091
2015-06-17,40,1127,1.29,0.03549245753777766
2015-06-18,114,1301,1.29,0.08762490324654187
2015-06-19,129,1172,1.29,0.11006825844651656
2015-06-20,111,1061,1.29,0.10461828365110007
2015-06-21,146,915,1.29,0.15956283978619848
2015-06-22,57,858,1.49,0.06643356565928245
2015-06-23,19,839,1.49,0.02264600688145403
2015-06-24,27,1291,1.49,0.020914019977428196
2015-06-25,62,1229,1.49,0.05044751789709099
2015-06-26,95,1902,1.49,0.049947423501853716
2015-06-27,183,1719,1.39,0.10645724196359953
2015-06-28,94,1624,1.39,0.05788177304259992
2015-06-29,116,1606,1.39,0.07222914027254583
2015-06-30,63,1543,1.39,0.04082955255457192
2015-07-01,147,1396,1.39,0.10530085884454972
2015-07-02,101,1295,1.39,0.07799227739002103
2015-07-03,248,1047,1.29,0.23686723747022698
2015-07-04,142,905,1.29,0.1569060756142975
2015-07-05,186,719,1.29,0.25869262505295376
2015-07-06,109,898,1.29,0.12138084497348725
2015-07-07,228,957,1.29,0.23824451161708976
2015-07-08,66,1083,1.29,0.060941827692134555
2015-07-09,182,901,1.29,0.20199777800224442
2015-07-10,1,996,1.29,0.0010040160541765456
2015-07-11,64,1124,1.29,0.05693950127278024
2015-07-12,118,1006,1.29,0.1172962214980495
2015-07-13,55,950,1.29,0.05789473623268699
2015-07-14,43,907,1.27,0.047409040271124143
2015-07-15,95,812,1.28,0.1169950724507996
2015-07-16,54,758,1.28,0.07124010460105402
2015-07-17,85,673,1.28,0.1263001467117363
2015-07-18,92,869,1.27,0.10586881351129099
2015-07-19,61,808,1.28,0.07549504857060584
2015-07-20,111,697,1.27,0.15925394319578273
2015-07-21,7,1170,1.28,0.0059829059317700346
2015-07-22,4,1262,1.28,0.0031695720826499835
2015-07-23,66,1292,1.27,0.05108359093588552
2015-07-24,95,1197,1.28,0.07936507870204612
2015-07-25,190,1103,1.27,0.1722574780393701
2015-07-26,60,1043,1.28,0.05752636569965134
2015-07-27,42,1097,1.27,0.03828623483786477
2015-07-28,79,1306,1.27,0.06049004547863671
2015-07-29,109,1581,1.27,0.06894370607878744
2015-07-30,165,1416,1.28,0.1165254229058939
2015-07-31,99,1317,1.27,0.07517084225382809
2015-08-01,233,1084,1.48,0.21494464746361028
2015-08-02,16,1067,1.48,0.01499531382384898
2015-08-03,2,1065,1.46,0.001877934254667284
2015-08-04,5,1060,1.47,0.00471698108757565
2015-08-05,22,1038,1.48,0.02119460480544697
2015-08-06,8,1030,1.49,0.007766990215854464
2015-08-07,65,321,1.48,0.20249220552983785
2015-08-08,157,451,1.48,0.34811529161606897
2015-08-09,65,386,1.48,0.1683937780208866
2015-08-10,90,296,1.48,0.304054043781958
2015-08-11,3,1157,1.18,0.0025929126828616016
2015-08-12,5,1152,1.18,0.004340277740101756
2015-08-13,1,2015,1.19,0.0004962779131698367
2015-08-14,65,2046,1.18,0.031769305807579154
2015-08-15,235,1811,1.17,0.12976256140385112
2015-08-16,76,1735,1.18,0.04380403432965974
2015-08-17,2,1733,1.19,0.0011540680833579454
2015-08-18,101,1632,1.18,0.061887254522749666
2015-08-19,162,1470,1.17,0.11020408088296543
2015-08-20,25,1446,1.17,0.017289073186105994
2015-08-21,4,1442,1.16,0.0027739250847855406
2015-08-22,1,1441,1.19,0.0006939625212077549
2015-08-23,75,1366,1.17,0.054904831223244285
2015-08-24,32,1334,1.18,0.023988005817181367
2015-08-25,76,1258,1.18,0.06041335405076825
2015-08-26,6,1252,1.17,0.0047923322300931935
2015-08-27,65,1285,1.18,0.0505836571939015
2015-08-28,145,1140,1.17,0.12719298134041246
2015-08-29,78,1062,1.17,0.07344632699203082
2015-08-30,6,1055,1.18,0.00568720373756205
2015-08-31,0,1151,1.19,0.0
2015-09-01,126,1217,1.18,0.1035332777030955
2015-09-02,240,1073,1.17,0.22367194572533136
2015-09-03,67,1006,1.68,0.06660039695228234
2015-09-04,140,863,1.68,0.162224795339226
2015-09-05,208,655,1.68,0.3175572470601947
2015-09-06,76,579,1.68,0.13126079220620393
2015-09-07,240,339,1.68,0.7079645808860007
2015-09-08,52,575,1.01,0.09043478103591686
2015-09-09,111,464,0.94,0.239224132775342
2015-09-10,176,288,0.97,0.611111089891976
2015-09-11,84,300,1.01,0.279999990666667
2015-09-12,171,129,1.0,1.3255812925905974
2015-09-13,102,27,0.99,3.777776378601341
2015-09-14,69,0,0.97,6899999.999999999
2015-09-15,77,0,0.93,7699999.999999999
2015-09-16,174,0,0.97,17400000.0
2015-09-17,69,0,1.68,6899999.999999999
2015-09-18,52,930,1.68,0.05591397789339809
2015-09-19,42,1080,1.68,0.038888888528806585
2015-09-20,1,1079,1.69,0.000926784050724893
2015-09-21,62,1016,1.68,0.0610236214466179
2015-09-22,88,928,1.68,0.09482758518504758
2015-09-23,60,1348,1.68,0.04451038542648082
2015-09-24,2,1442,1.66,0.0013869625423927703
2015-09-25,3,1631,1.69,0.0018393623431063007
2015-09-26,9,1622,1.76,0.005548705267887144
2015-09-27,142,1480,1.78,0.09594594529766254
2015-09-28,90,1580,1.78,0.05696202495593655
2015-09-29,20,1560,1.78,0.012820512738330047
2015-09-30,37,1523,1.78,0.02429415611100357
2015-10-01,86,1437,1.78,0.059846902854231714
2015-10-02,166,1367,1.78,0.12143379574664379
2015-10-03,391,976,1.48,0.40061474999370134
2015-10-04,56,919,1.47,0.06093579911930578
2015-10-05,64,951,1.47,0.0672975807855144
2015-10-06,35,916,1.48,0.038209606569764125
2015-10-07,40,875,1.47,0.04571428519183674
2015-10-08,21,1526,1.48,0.013761467799728259
2015-10-09,42,1484,1.48,0.02830188660173931
2015-10-10,95,1389,1.48,0.06839452794532377
2015-10-11,85,1304,1.48,0.06518404857987693
2015-10-12,140,1356,1.47,0.10324483699671949
2015-10-13,80,1276,1.48,0.06269592427354291
2015-10-14,91,1185,1.48,0.07679324829710339
2015-10-15,65,1120,1.48,0.05803571376753827
2015-10-16,166,1146,1.48,0.14485165667668712
2015-10-17,137,1297,1.48,0.10562837235444586
2015-10-18,174,1123,1.48,0.15494211794352522
2015-10-19,120,1291,1.48,0.09295119989968087
2015-10-20,93,1198,1.78,0.07762938165584823
2015-10-21,100,1096,1.78,0.09124087507991903
2015-10-22,137,1055,1.27,0.12985781867433346
2015-10-23,241,1006,1.27,0.23956262187313498
2015-10-24,113,893,1.27,0.1265397522223992
2015-10-25,257,636,1.28,0.40408804396087983
2015-10-26,166,474,1.28,0.3502109630757181
2015-10-27,162,312,1.28,0.519230752588758
2015-10-28,247,1121,1.28,0.2203389810852901
2015-10-29,70,1435,1.78,0.04878048746494434
2015-10-30,139,1296,1.35,0.10725308559218298
2015-10-31,195,1293,1.34,0.15081206379882395
2015-11-01,206,1087,1.34,0.18951241775977537
2015-11-02,268,819,1.35,0.32722832323286544
2015-11-03,59,760,1.35,0.0776315779259003
2015-11-04,99,1237,1.34,0.08003233565050659
2015-11-05,63,1366,1.75,0.0461200582275252
2015-11-06,77,1577,1.76,0.04882688618372298
2015-11-07,232,1345,2.18,0.17249070503724384
2015-11-08,157,1188,2.18,0.13215488104246734
2015-11-09,107,1081,2.19,0.09898242276612006
2015-11-10,57,1023,2.18,0.055718474528656164
2015-11-11,95,930,2.18,0.10215053653601575
2015-11-12,86,844,2.19,0.10189573338986098
2015-11-13,102,742,2.19,0.13746630542498242
2015-11-14,184,846,1.79,0.2174940872636633
2015-11-15,138,708,1.79,0.19491525148424788
2015-11-16,106,698,2.19,0.15186246200770112
2015-11-17,89,609,2.19,0.14614121270704084
2015-11-18,107,502,2.19,0.2131474061126015
2015-11-19,78,424,2.19,0.18396225981221087
2015-11-20,185,238,2.19,0.7773108917096264
2015-11-21,151,87,2.19,1.7356319844101167
2015-11-22,97,0,2.19,9700000.0
2015-11-23,76,0,2.19,7599999.999999999
2015-11-24,140,0,2.19,13999999.999999998
2015-11-25,137,0,2.67,13699999.999999998
2015-11-26,84,0,2.69,8400000.0
2015-11-27,0,0,2.69,0.0
2015-11-28,7,0,2.69,700000.0
2015-11-29,5,0,2.69,499999.99999999994
2015-11-30,22,0,2.69,2200000.0
2015-12-01,36,0,2.29,3599999.9999999995
2015-12-02,36,1655,2.29,0.021752265729593562
2015-12-03,38,2001,2.29,0.018990504652721115
2015-12-04,95,1905,2.29,0.049868766142421174
2015-12-05,108,1893,2.25,0.057052297638392514
2015-12-06,70,1823,2.29,0.038398244441040896
2015-12-07,78,1745,2.29,0.0446991401449906
2015-12-08,77,1668,2.29,0.0461630692676075
2015-12-09,76,1880,2.29,0.040425531699864195
2015-12-10,59,1821,2.29,0.032399780162549255
2015-12-11,42,1779,2.29,0.02360876883862412
2015-12-12,142,1637,2.29,0.08674404345299913
2015-12-13,116,1521,2.29,0.0762656142257356
2015-12-14,57,1848,2.29,0.03084415567725024
2015-12-15,167,1681,2.29,0.09934562701162625
2015-12-16,154,1527,2.29,0.10085134184118309
2015-12-17,139,1964,1.39,0.07077393039320809
2015-12-18,192,1772,1.39,0.10835214385805789
2015-12-19,295,2533,1.39,0.1164626919997525
2015-12-20,311,2222,1.39,0.13996399576973897
2015-12-21,251,1971,1.39,0.12734652396069748
2015-12-22,377,1594,1.39,0.23651191821510717
2015-12-23,410,1184,1.39,0.3462837808590897
2015-12-24,161,1023,1.39,0.1573802526160288
2015-12-25,0,1023,1.39,0.0
2015-12-26,212,811,1.39,0.2614056687866132
2015-12-27,106,705,1.39,0.15035460779638854
2015-12-28,100,604,1.39,0.16556291116617697
2015-12-29,9,595,1.39,0.015126050165948738
2015-12-30,0,595,1.39,0.0
2015-12-31,0,595,1.39,0.0
2016-01-01,0,595,1.39,0.0
2016-01-02,3,592,1.39,0.005067567481966765
2016-01-03,0,592,2.29,0.0
2016-01-04,0,592,1.46,0.0
2016-01-05,3,589,1.46,0.00509337852133483
2016-01-06,3,586,1.46,0.005119453837551982
2016-01-07,0,586,1.46,0.0
2016-01-08,2,584,1.46,0.0034246574756051805
2016-01-09,0,584,0.0,0.0
2016-01-10,3,581,1.46,0.005163511098734749
2016-01-11,0,581,1.46,0.0
2016-01-12,103,478,1.46,0.21548116704014297
2016-01-13,164,314,1.46,0.522292976997039
2016-01-14,118,196,1.46,0.6020407856101639
2016-01-15,65,131,1.46,0.4961831682302925
2016-01-16,24,107,1.46,0.22429904445803323
2016-01-17,0,107,0.0,0.0
2016-01-18,1,106,1.46,0.009433961374154587
2016-01-19,0,106,1.46,0.0
2016-01-20,1,105,1.46,0.009523808616780132
2016-01-21,60,3213,1.46,0.018674136263074584
2016-01-22,103,3110,1.35,0.033118970954601375
2016-01-23,263,2847,1.39,0.0923779413685355
2016-01-24,189,2658,1.39,0.07110609454060912
2016-01-25,197,2461,1.39,0.08004876034112653
2016-01-26,105,2356,1.46,0.04456706262917206
2016-01-27,129,2227,1.46,0.0579254600003347
2016-01-28,144,2083,1.46,0.06913106063787296
2016-01-29,173,1910,1.79,0.09057591575614704
2016-01-30,293,1617,1.79,0.1811997515077319
2016-01-31,219,1398,1.79,0.15665235939447525
2016-02-01,131,1267,1.79,0.10339384290928301
2016-02-02,184,1083,1.79,0.16989842871746605
2016-02-03,266,817,1.79,0.32558139136375286
2016-02-04,98,815,2.18,0.12024539729760249
2016-02-05,67,1420,2.29,0.047183098259273956
2016-02-06,85,1335,2.29,0.0636704115080868
2016-02-07,78,1257,2.29,0.06205250547293154
2016-02-08,71,1185,2.19,0.05991561130872902
2016-02-09,113,1072,2.19,0.10541044677788762
2016-02-10,138,1894,2.19,0.07286166804191305
2016-02-11,98,1796,2.19,0.05456570125520211
2016-02-12,96,1700,2.19,0.05647058790311419
2016-02-13,190,1510,2.19,0.12582781373623964
2016-02-14,105,1510,2.19,0.06953642338055349
2016-02-15,25,1510,2.19,0.016556291281084164
2016-02-16,47,1909,2.19,0.02462021988150749
2016-02-17,63,1845,2.19,0.03414634127833961
2016-02-18,39,1806,2.19,0.021594684265810165
2016-02-19,35,1771,2.19,0.01976284573821092
2016-02-20,77,1982,2.19,0.03884964662538019
2016-02-21,60,1922,2.19,0.03121748162738043
2016-02-22,52,1870,2.19,0.027807486482312908
2016-02-23,51,1819,2.19,0.028037383023433848
2016-02-24,37,1782,2.19,0.020763187313337893
2016-02-25,42,1740,2.19,0.024137930895759017
2016-02-26,89,1651,2.19,0.05390672287155226
2016-02-27,217,1367,2.19,0.15874176913868493
2016-02-28,197,1170,2.19,0.1683760669369567
2016-02-29,81,1089,2.19,0.07438016460624275
2016-03-01,58,1607,2.19,0.036092096850702575
2016-03-02,120,1487,2.19,0.08069939421183998
2016-03-03,64,1423,2.19,0.04497540375983553
2016-03-04,64,1743,2.59,0.03671830156788123
2016-03-05,76,1667,2.59,0.04559088155014468
2016-03-06,86,1581,2.59,0.05439595158509835
2016-03-07,98,1867,2.59,0.05249062639265867
2016-03-08,53,1814,2.59,0.029217199397920623
2016-03-09,38,1774,2.59,0.02142051848128231
2016-03-10,46,1728,2.19,0.0266203702163173
2016-03-11,45,1779,2.19,0.025295109469954415
2016-03-12,67,1712,2.19,0.0391355137900963
2016-03-13,52,1660,2.19,0.031325301016112646
2016-03-14,24,1825,2.19,0.013150684859448302
2016-03-15,51,1774,2.19,0.02874859059329994
2016-03-16,127,1647,2.19,0.07710989631384398
2016-03-17,75,1572,2.19,0.0477099233606239
2016-03-18,62,1510,2.19,0.04105960237708873
2016-03-19,128,1478,1.99,0.08660351768197891
2016-03-20,138,1340,1.99,0.10298507385832034
2016-03-21,74,1554,1.99,0.04761904731261874
2016-03-22,73,1480,2.59,0.04932432399105187
2016-03-23,100,1380,2.59,0.07246376759084226
2016-03-24,71,1501,2.59,0.04730179848566424
2016-03-25,99,1402,2.59,0.07061340891145929
2016-03-26,102,1396,2.59,0.07306590205540185
2016-03-27,57,1339,2.59,0.0425690810861159
2016-03-28,23,1507,2.59,0.015262110051346317
2016-03-29,35,1760,2.59,0.019886363523372936
2016-03-30,59,1701,2.59,0.034685478926011294
2016-03-31,41,1660,2.59,0.02469879503193497
2016-04-01,68,1592,2.59,0.04271356757089468
2016-04-02,84,1508,2.59,0.05570291740250055
2016-04-03,42,1466,2.59,0.02864938588915835
2016-04-04,95,1659,2.59,0.0572634113486232
2016-04-05,85,1574,2.59,0.05400254095296988
2016-04-06,102,1472,2.59,0.06929347779012583
2016-04-07,111,1457,2.59,0.07618393907903954
2016-04-08,113,1344,2.59,0.0840773803268052
2016-04-09,208,1136,2.59,0.1830985899375124
2016-04-10,148,988,2.59,0.1497975693340327
2016-04-11,123,2017,2.59,0.06098165562230216
2016-04-12,62,1955,2.59,0.031713554824994605
2016-04-13,129,1825,2.59,0.07068493111953462
2016-04-14,102,1723,2.59,0.05919907104353412
2016-04-15,110,3917,2.59,0.028082716292870267
2016-04-16,202,3715,2.59,0.05437415866924856
2016-04-17,144,3571,2.59,0.04032483886775458
2016-04-18,84,3487,2.59,0.02408947512449247
2016-04-19,127,3360,1.89,0.037797618935126134
2016-04-20,181,3179,1.89,0.05693614326223295
2016-04-21,268,2911,1.89,0.09206458230139271
2016-04-22,278,2636,1.89,0.10546282205818353
2016-04-23,234,2402,1.89,0.09741881724638293
2016-04-24,133,2269,1.89,0.05861613019560982
2016-04-25,91,2178,1.89,0.04178145068052593
2016-04-26,83,2095,2.59,0.03961813823571294
2016-04-27,139,1956,2.59,0.0710633943197168
2016-04-28,113,1843,2.59,0.06131307617301641
2016-04-29,141,1702,2.59,0.08284371279175257
2016-04-30,228,1474,2.59,0.1546811387063695
2016-05-01,163,1311,2.59,0.12433256960844723
2016-05-02,0,1605,2.59,0.0
2016-05-03,125,1768,2.57,0.0707013570661688
2016-05-04,180,1876,2.59,0.09594882678065657
2016-05-05,222,1846,1.88,0.12026002101700964
2016-05-06,243,1602,1.89,0.15168539231157682
2016-05-07,408,1196,1.89,0.34113712089350234
2016-05-08,181,1014,1.89,0.17850098443292914
2016-05-09,176,838,1.88,0.21002386384219734
2016-05-10,178,660,1.89,0.26969696561065204
2016-05-11,310,348,1.38,0.890804572103317
2016-05-12,134,213,1.89,0.6291079516850727
2016-05-13,132,81,1.89,1.6296294284408113
2016-05-14,1,80,1.89,0.012499998437500194
2016-05-15,0,80,0.0,0.0
2016-05-16,0,80,2.59,0.0
2016-05-17,0,2383,2.59,0.0
2016-05-18,110,2262,2.59,0.04862953117316741
2016-05-19,81,2181,2.59,0.037138926927377684
2016-05-20,112,2069,2.59,0.05413243086451217
2016-05-21,186,2069,2.59,0.08989850125713628
2016-05-22,113,1770,2.59,0.06384180754891634
2016-05-23,86,1684,2.59,0.051068883307191906
2016-05-24,59,1817,2.59,0.03247110604033514
2016-05-25,94,5946,2.59,0.015808947164801638
2016-05-26,167,5779,2.59,0.02889773312182431
2016-05-27,244,5535,2.59,0.044083107418097366
2016-05-28,261,5273,2.59,0.04949743969372759
2016-05-29,187,5085,2.59,0.03677482785295019
2016-05-30,115,4970,2.59,0.02313883295143092
2016-05-31,139,4831,2.59,0.02877251080775717
2016-06-01,273,4558,2.59,0.05989469052238989
2016-06-02,235,4323,2.59,0.054360397746101324
2016-06-03,172,4151,2.59,0.041435798502925086
2016-06-04,323,3828,2.59,0.08437826519232428
2016-06-05,336,3492,2.59,0.09621993099593376
2016-06-06,127,3365,2.59,0.03774145605426016
2016-06-07,137,3228,2.59,0.042441139893305016
2016-06-08,249,2979,2.59,0.08358509538910676
2016-06-09,201,2778,2.59,0.07235421140261263
2016-06-10,271,2507,1.81,0.10809732705186546
2016-06-11,512,2187,1.65,0.23411065279327545
2016-06-12,317,1870,1.66,0.16951871567102292
2016-06-13,224,1646,1.66,0.1360874839848877
2016-06-14,239,1407,1.63,0.16986495970245233
2016-06-15,377,1182,1.63,0.3189509279276571
2016-06-16,239,1423,1.69,0.1679550234156358
2016-06-17,243,1756,1.66,0.13838268713905075
2016-06-18,438,1318,1.66,0.33232169702335584
2016-06-19,334,985,1.68,0.33908629097374327
2016-06-20,149,836,2.59,0.17822966293983658
2016-06-21,32,803,2.59,0.03985055990223462
2016-06-22,39,2204,2.59,0.017695099738225497
2016-06-23,42,2738,2.59,0.015339663932287567
2016-06-24,64,2674,2.39,0.023934180912736795
2016-06-25,170,2504,2.39,0.06789137353078524
2016-06-26,132,2372,2.39,0.05564924091210269
2016-06-27,123,2249,2.39,0.054690973522939196
2016-06-28,78,2171,2.39,0.03592814354708363
2016-06-29,130,2041,2.39,0.06369426720384974
2016-06-30,141,1900,2.39,0.07421052592520776
2016-07-01,247,1653,2.39,0.14942528645235761
2016-07-02,322,1331,2.39,0.241923364072702
2016-07-03,196,1135,2.39,0.1726872231481302
2016-07-04,172,963,2.39,0.1786085132024038
2016-07-05,218,1413,2.39,0.154281669113364
2016-07-06,216,1965,2.39,0.10992366356272945
2016-07-07,179,1882,2.39,0.09511158291651656
2016-07-08,32,2234,2.39,0.014324082299355046
2016-07-09,95,2139,2.39,0.044413277024715855
2016-07-10,78,2061,2.39,0.03784570578434883
2016-07-11,122,1939,2.39,0.06291903010356353
2016-07-12,164,1967,1.89,0.08337569861018963
2016-07-13,288,1670,1.89,0.17245508878769408
2016-07-14,138,1532,1.89,0.09007832839374459
2016-07-15,189,1343,1.89,0.14072970855748543
2016-07-16,321,1022,1.89,0.3140900164961838
2016-07-17,209,813,1.89,0.2570725675636831
2016-07-18,161,1420,1.89,0.11338028089168817
2016-07-19,157,1359,1.89,0.11552612129855687
2016-07-20,283,1075,1.89,0.2632558115045971
2016-07-21,60,1015,2.39,0.059113299910213794
2016-07-22,98,917,2.39,0.10687022784220035
2016-07-23,133,1550,2.39,0.08580645105931323
2016-07-24,130,1420,2.39,0.09154929512993454
2016-07-25,62,1358,2.39,0.04565537521608708
2016-07-26,97,2893,2.39,0.033529208318253685
2016-07-27,98,3179,2.39,0.030827304086733863
2016-07-28,108,3071,2.39,0.035167697703784764
2016-07-29,128,4095,2.39,0.031257631181300045
2016-07-30,270,3825,2.39,0.07058823510957324
2016-07-31,183,3642,2.39,0.05024711683073279
